site,animal,fixed_amp_scale,overall_db,note
CLT028c,CLT,50,65,
CLT029c,CLT,50,65,
CLT032c,CLT,50,65,
CLT033c,CLT,50,65,
CLT034c,CLT,50,65,
CLT035c,CLT,50,65,
CLT036c,CLT,50,65,
CLT037c,CLT,50,65,
CLT039c,CLT,250,65,
CLT040c,CLT,250,65,
CLT043b,CLT,250,65,
CLT044d,CLT,250,65,
CLT045d,CLT,250,65,
CLT046d,CLT,250,65,
CLT047c,CLT,250,65,
CLT048c,CLT,250,65,
CLT049c,CLT,250,65,
CLT051c,CLT,250,65,
CLT052d,CLT,250,65,
LMD011a,LMD,250,65,
LMD014a,LMD,250,65,
LMD019a,LMD,250,65,
LMD022a,LMD,250,65,
LMD033a,LMD,250,65,
LMD037a,LMD,250,65,
LMD045a,LMD,250,65,
LMD048a,LMD,250,65,
LMD052a,LMD,250,65,
PRN005a,PRN,250,65,
PRN007a,PRN,250,65,
PRN008a,PRN,250,65,
PRN009b,PRN,250,65,
PRN010b,PRN,250,65,celldb has no site literally named PRN010b; resolved via its own PRN010a
PRN011b,PRN,250,65,celldb has no site literally named PRN011b; resolved via its own PRN011a
PRN013c,PRN,250,65,
PRN015a,PRN,250,65,
PRN017a,PRN,250,65,
PRN018a,PRN,250,65,
PRN020b,PRN,250,65,celldb has no site literally named PRN020b; resolved via its own PRN020a
PRN021a,PRN,250,65,
PRN022a,PRN,250,65,
PRN023a,PRN,250,65,
PRN024a,PRN,250,65,
PRN026a,PRN,250,65,
PRN027b,PRN,250,65,
PRN029a,PRN,250,65,
PRN029b,PRN,250,65,
PRN031a,PRN,250,65,
PRN033a,PRN,250,65,
PRN034a,PRN,250,65,
PRN042a,PRN,250,65,
PRN043a,PRN,250,65,
PRN045b,PRN,250,65,
PRN048a,PRN,250,65,
PRN050a,PRN,250,65,
PRN055a,PRN,250,65,
PRN068a,PRN,250,65,
PRN075a,PRN,250,65,
SLJ008a,SLJ,250,65,
SLJ009b,SLJ,250,65,
SLJ012a,SLJ,250,65,
SLJ032a,SLJ,250,65,
REI058a,REI,250,65,Reishi rig hardware bug: live query reports overall_db=50; actual recording level was 65 dB SPL
REI066a,REI,250,65,Reishi rig hardware bug: live query reports overall_db=50; actual recording level was 65 dB SPL
REI071a,REI,250,65,Reishi rig hardware bug: live query reports overall_db=50; actual recording level was 65 dB SPL
REI083a,REI,250,65,Reishi rig hardware bug: live query reports overall_db=50; actual recording level was 65 dB SPL
REI113d,REI,250,65,Reishi rig hardware bug: live query reports overall_db=50; actual recording level was 65 dB SPL
REI116a,REI,250,65,Reishi rig hardware bug: live query reports overall_db=50; actual recording level was 65 dB SPL
REI119a,REI,250,65,Reishi rig hardware bug: live query reports overall_db=50; actual recording level was 65 dB SPL
REI121a,REI,250,65,Reishi rig hardware bug: live query reports overall_db=50; actual recording level was 65 dB SPL
